{
  "rmse": 62.39245043347592,
  "mae": 37.54844284057617,
  "r2": 0.6510354280471802,
  "direction_accuracy": 0.63,
  "mape": 65.32
}